timestamp;buyer;seller;symbol;currency;price;quantity
3600;;SUBMISSION;ASH_COATED_OSMIUM;SEASHELLS;10003;5
3800;SUBMISSION;;INTARIAN_PEPPER_ROOT;SEASHELLS;12006;6
5200;SUBMISSION;;INTARIAN_PEPPER_ROOT;SEASHELLS;12001;3
6000;SUBMISSION;;INTARIAN_PEPPER_ROOT;SEASHELLS;12008;7
6300;;SUBMISSION;ASH_COATED_OSMIUM;SEASHELLS;10008;5
6600;;SUBMISSION;ASH_COATED_OSMIUM;SEASHELLS;10001;9
6800;SUBMISSION;;INTARIAN_PEPPER_ROOT;SEASHELLS;12001;5
7000;;SUBMISSION;ASH_COATED_OSMIUM;SEASHELLS;10007;4
7100;;SUBMISSION;ASH_COATED_OSMIUM;SEASHELLS;10007;3
7800;SUBMISSION;;ASH_COATED_OSMIUM;SEASHELLS;9998;7
8000;;SUBMISSION;ASH_COATED_OSMIUM;SEASHELLS;10002;7
8600;;SUBMISSION;ASH_COATED_OSMIUM;SEASHELLS;10007;5
9300;SUBMISSION;;ASH_COATED_OSMIUM;SEASHELLS;9993;7
9300;SUBMISSION;;INTARIAN_PEPPER_ROOT;SEASHELLS;12005;6
9700;;SUBMISSION;ASH_COATED_OSMIUM;SEASHELLS;10008;5
10700;SUBMISSION;;INTARIAN_PEPPER_ROOT;SEASHELLS;12017;12
10900;SUBMISSION;;INTARIAN_PEPPER_ROOT;SEASHELLS;12017;10
11400;SUBMISSION;;INTARIAN_PEPPER_ROOT;SEASHELLS;12018;10
11500;SUBMISSION;;INTARIAN_PEPPER_ROOT;SEASHELLS;12013;9
11600;SUBMISSION;;INTARIAN_PEPPER_ROOT;SEASHELLS;12018;11
11900;SUBMISSION;;INTARIAN_PEPPER_ROOT;SEASHELLS;12018;1
12500;;SUBMISSION;ASH_COATED_OSMIUM;SEASHELLS;10012;10
12600;;SUBMISSION;ASH_COATED_OSMIUM;SEASHELLS;10010;9
13000;;SUBMISSION;ASH_COATED_OSMIUM;SEASHELLS;10004;9
16500;;SUBMISSION;ASH_COATED_OSMIUM;SEASHELLS;10002;5
17500;SUBMISSION;;ASH_COATED_OSMIUM;SEASHELLS;9999;7
17700;;SUBMISSION;ASH_COATED_OSMIUM;SEASHELLS;10008;5
18200;SUBMISSION;;ASH_COATED_OSMIUM;SEASHELLS;9999;9
19700;;SUBMISSION;ASH_COATED_OSMIUM;SEASHELLS;10002;6
21200;;SUBMISSION;ASH_COATED_OSMIUM;SEASHELLS;10007;10
21400;SUBMISSION;;ASH_COATED_OSMIUM;SEASHELLS;9998;9
21600;SUBMISSION;;ASH_COATED_OSMIUM;SEASHELLS;9998;9
22000;SUBMISSION;;ASH_COATED_OSMIUM;SEASHELLS;9994;5
22700;SUBMISSION;;ASH_COATED_OSMIUM;SEASHELLS;9995;9
23200;SUBMISSION;;ASH_COATED_OSMIUM;SEASHELLS;9994;6
23600;SUBMISSION;;ASH_COATED_OSMIUM;SEASHELLS;9991;6
24100;SUBMISSION;;ASH_COATED_OSMIUM;SEASHELLS;9998;5
24600;;SUBMISSION;ASH_COATED_OSMIUM;SEASHELLS;10007;5
26900;;SUBMISSION;ASH_COATED_OSMIUM;SEASHELLS;10003;9
30100;;SUBMISSION;ASH_COATED_OSMIUM;SEASHELLS;10008;5
31200;SUBMISSION;;ASH_COATED_OSMIUM;SEASHELLS;9998;8
31500;SUBMISSION;;ASH_COATED_OSMIUM;SEASHELLS;9994;10
32800;;SUBMISSION;ASH_COATED_OSMIUM;SEASHELLS;10002;6
33800;;SUBMISSION;ASH_COATED_OSMIUM;SEASHELLS;10009;4
34200;;SUBMISSION;ASH_COATED_OSMIUM;SEASHELLS;10002;9
35100;SUBMISSION;;ASH_COATED_OSMIUM;SEASHELLS;9994;7
37300;;SUBMISSION;ASH_COATED_OSMIUM;SEASHELLS;10007;7
37900;SUBMISSION;;ASH_COATED_OSMIUM;SEASHELLS;9998;9
38800;;SUBMISSION;ASH_COATED_OSMIUM;SEASHELLS;10002;4
40500;;SUBMISSION;ASH_COATED_OSMIUM;SEASHELLS;10008;8
41100;SUBMISSION;;ASH_COATED_OSMIUM;SEASHELLS;9994;6
41900;SUBMISSION;;ASH_COATED_OSMIUM;SEASHELLS;9994;6
43200;;SUBMISSION;ASH_COATED_OSMIUM;SEASHELLS;10003;7
46300;SUBMISSION;;ASH_COATED_OSMIUM;SEASHELLS;9993;4
50900;SUBMISSION;;ASH_COATED_OSMIUM;SEASHELLS;9996;6
51000;SUBMISSION;;ASH_COATED_OSMIUM;SEASHELLS;9995;4
52500;;SUBMISSION;ASH_COATED_OSMIUM;SEASHELLS;10005;5
53700;;SUBMISSION;ASH_COATED_OSMIUM;SEASHELLS;9999;6
56500;SUBMISSION;;ASH_COATED_OSMIUM;SEASHELLS;9986;2
58200;;SUBMISSION;ASH_COATED_OSMIUM;SEASHELLS;10002;6
59500;;SUBMISSION;ASH_COATED_OSMIUM;SEASHELLS;10001;5
60800;;SUBMISSION;ASH_COATED_OSMIUM;SEASHELLS;10002;8
61800;;SUBMISSION;ASH_COATED_OSMIUM;SEASHELLS;10004;5
62300;;SUBMISSION;ASH_COATED_OSMIUM;SEASHELLS;10004;2
62800;;SUBMISSION;ASH_COATED_OSMIUM;SEASHELLS;10004;9
66300;;SUBMISSION;ASH_COATED_OSMIUM;SEASHELLS;9999;6
67300;SUBMISSION;;ASH_COATED_OSMIUM;SEASHELLS;9994;4
68000;;SUBMISSION;ASH_COATED_OSMIUM;SEASHELLS;10004;5
70300;SUBMISSION;;ASH_COATED_OSMIUM;SEASHELLS;9995;4
70700;SUBMISSION;;ASH_COATED_OSMIUM;SEASHELLS;9995;6
71300;SUBMISSION;;ASH_COATED_OSMIUM;SEASHELLS;9990;10
72900;SUBMISSION;;ASH_COATED_OSMIUM;SEASHELLS;9997;7
78300;SUBMISSION;;ASH_COATED_OSMIUM;SEASHELLS;9995;2
79200;SUBMISSION;;ASH_COATED_OSMIUM;SEASHELLS;10000;8
79400;;SUBMISSION;ASH_COATED_OSMIUM;SEASHELLS;10012;4
79600;;SUBMISSION;ASH_COATED_OSMIUM;SEASHELLS;10009;5
81400;;SUBMISSION;ASH_COATED_OSMIUM;SEASHELLS;10007;2
86800;SUBMISSION;;ASH_COATED_OSMIUM;SEASHELLS;9996;5
86800;SUBMISSION;;ASH_COATED_OSMIUM;SEASHELLS;9992;10
88800;SUBMISSION;;ASH_COATED_OSMIUM;SEASHELLS;9999;10
89000;;SUBMISSION;ASH_COATED_OSMIUM;SEASHELLS;10011;4
91200;SUBMISSION;;ASH_COATED_OSMIUM;SEASHELLS;10000;10
92400;SUBMISSION;;ASH_COATED_OSMIUM;SEASHELLS;10000;10
97500;SUBMISSION;;ASH_COATED_OSMIUM;SEASHELLS;9991;6
97600;;SUBMISSION;ASH_COATED_OSMIUM;SEASHELLS;10007;6
102000;;SUBMISSION;ASH_COATED_OSMIUM;SEASHELLS;10005;7
106900;;SUBMISSION;ASH_COATED_OSMIUM;SEASHELLS;10009;7
111300;SUBMISSION;;ASH_COATED_OSMIUM;SEASHELLS;9996;3
112200;;SUBMISSION;ASH_COATED_OSMIUM;SEASHELLS;10009;2
113900;;SUBMISSION;ASH_COATED_OSMIUM;SEASHELLS;10004;5
116600;SUBMISSION;;ASH_COATED_OSMIUM;SEASHELLS;9997;8
119700;SUBMISSION;;ASH_COATED_OSMIUM;SEASHELLS;10001;7
120700;SUBMISSION;;ASH_COATED_OSMIUM;SEASHELLS;9997;5
120800;SUBMISSION;;ASH_COATED_OSMIUM;SEASHELLS;10003;5
122200;SUBMISSION;;ASH_COATED_OSMIUM;SEASHELLS;10001;7
123200;SUBMISSION;;ASH_COATED_OSMIUM;SEASHELLS;10000;9
123600;SUBMISSION;;ASH_COATED_OSMIUM;SEASHELLS;10000;10
129000;SUBMISSION;;ASH_COATED_OSMIUM;SEASHELLS;9999;9
129500;SUBMISSION;;ASH_COATED_OSMIUM;SEASHELLS;9998;10
131600;;SUBMISSION;ASH_COATED_OSMIUM;SEASHELLS;10002;9
132200;;SUBMISSION;ASH_COATED_OSMIUM;SEASHELLS;10002;5
132300;;SUBMISSION;ASH_COATED_OSMIUM;SEASHELLS;10007;4
134100;SUBMISSION;;ASH_COATED_OSMIUM;SEASHELLS;9992;2
134500;;SUBMISSION;ASH_COATED_OSMIUM;SEASHELLS;10001;9
137400;SUBMISSION;;ASH_COATED_OSMIUM;SEASHELLS;9994;7
139000;SUBMISSION;;ASH_COATED_OSMIUM;SEASHELLS;9995;7
139100;;SUBMISSION;ASH_COATED_OSMIUM;SEASHELLS;10009;2
139200;;SUBMISSION;ASH_COATED_OSMIUM;SEASHELLS;10004;9
139900;SUBMISSION;;ASH_COATED_OSMIUM;SEASHELLS;10000;6
141800;;SUBMISSION;ASH_COATED_OSMIUM;SEASHELLS;10003;7
146500;SUBMISSION;;ASH_COATED_OSMIUM;SEASHELLS;9999;8
151400;SUBMISSION;;ASH_COATED_OSMIUM;SEASHELLS;9992;6
153700;SUBMISSION;;ASH_COATED_OSMIUM;SEASHELLS;9997;5
153800;SUBMISSION;;ASH_COATED_OSMIUM;SEASHELLS;9997;5
154100;SUBMISSION;;ASH_COATED_OSMIUM;SEASHELLS;10001;5
154800;SUBMISSION;;ASH_COATED_OSMIUM;SEASHELLS;10001;4
157600;SUBMISSION;;ASH_COATED_OSMIUM;SEASHELLS;10000;5
158100;SUBMISSION;;ASH_COATED_OSMIUM;SEASHELLS;10004;6
163200;SUBMISSION;;ASH_COATED_OSMIUM;SEASHELLS;10000;10
166700;;SUBMISSION;ASH_COATED_OSMIUM;SEASHELLS;10015;6
167300;;SUBMISSION;ASH_COATED_OSMIUM;SEASHELLS;10008;10
167900;;SUBMISSION;ASH_COATED_OSMIUM;SEASHELLS;10013;4
168000;SUBMISSION;;ASH_COATED_OSMIUM;SEASHELLS;9999;8
168600;SUBMISSION;;ASH_COATED_OSMIUM;SEASHELLS;9996;6
169500;;SUBMISSION;ASH_COATED_OSMIUM;SEASHELLS;10006;8
169500;;SUBMISSION;ASH_COATED_OSMIUM;SEASHELLS;10012;5
171100;SUBMISSION;;ASH_COATED_OSMIUM;SEASHELLS;10003;9
171200;SUBMISSION;;ASH_COATED_OSMIUM;SEASHELLS;9999;3
172200;SUBMISSION;;ASH_COATED_OSMIUM;SEASHELLS;9996;2
173000;SUBMISSION;;ASH_COATED_OSMIUM;SEASHELLS;10005;8
176700;;SUBMISSION;ASH_COATED_OSMIUM;SEASHELLS;10005;8
178200;SUBMISSION;;ASH_COATED_OSMIUM;SEASHELLS;10005;7
180500;SUBMISSION;;ASH_COATED_OSMIUM;SEASHELLS;10002;1
186800;;SUBMISSION;ASH_COATED_OSMIUM;SEASHELLS;10014;5
187700;SUBMISSION;;ASH_COATED_OSMIUM;SEASHELLS;10000;2
191200;;SUBMISSION;ASH_COATED_OSMIUM;SEASHELLS;10012;10
192800;;SUBMISSION;ASH_COATED_OSMIUM;SEASHELLS;10012;3
193800;SUBMISSION;;ASH_COATED_OSMIUM;SEASHELLS;9998;3
194000;;SUBMISSION;ASH_COATED_OSMIUM;SEASHELLS;10007;4
194400;SUBMISSION;;ASH_COATED_OSMIUM;SEASHELLS;9998;4
197200;;SUBMISSION;ASH_COATED_OSMIUM;SEASHELLS;10007;4
198500;;SUBMISSION;ASH_COATED_OSMIUM;SEASHELLS;10013;2
202000;SUBMISSION;;ASH_COATED_OSMIUM;SEASHELLS;9997;2
204900;;SUBMISSION;ASH_COATED_OSMIUM;SEASHELLS;10009;9
205800;SUBMISSION;;ASH_COATED_OSMIUM;SEASHELLS;9999;3
206400;SUBMISSION;;ASH_COATED_OSMIUM;SEASHELLS;9999;9
207200;;SUBMISSION;ASH_COATED_OSMIUM;SEASHELLS;10007;2
209800;SUBMISSION;;ASH_COATED_OSMIUM;SEASHELLS;9990;9
210100;;SUBMISSION;ASH_COATED_OSMIUM;SEASHELLS;10005;3
211000;SUBMISSION;;ASH_COATED_OSMIUM;SEASHELLS;9991;8
212000;SUBMISSION;;ASH_COATED_OSMIUM;SEASHELLS;9991;2
213500;;SUBMISSION;ASH_COATED_OSMIUM;SEASHELLS;9999;10
213500;;SUBMISSION;ASH_COATED_OSMIUM;SEASHELLS;10004;5
214400;SUBMISSION;;ASH_COATED_OSMIUM;SEASHELLS;9989;8
214600;;SUBMISSION;ASH_COATED_OSMIUM;SEASHELLS;10006;6
215100;SUBMISSION;;ASH_COATED_OSMIUM;SEASHELLS;9997;10
216300;;SUBMISSION;ASH_COATED_OSMIUM;SEASHELLS;10001;10
219100;SUBMISSION;;ASH_COATED_OSMIUM;SEASHELLS;9994;5
219600;;SUBMISSION;ASH_COATED_OSMIUM;SEASHELLS;10003;4
221300;;SUBMISSION;ASH_COATED_OSMIUM;SEASHELLS;10008;10
223700;SUBMISSION;;ASH_COATED_OSMIUM;SEASHELLS;9999;7
224700;SUBMISSION;;ASH_COATED_OSMIUM;SEASHELLS;9993;7
226400;SUBMISSION;;ASH_COATED_OSMIUM;SEASHELLS;9992;5
227400;;SUBMISSION;ASH_COATED_OSMIUM;SEASHELLS;10000;9
230100;;SUBMISSION;ASH_COATED_OSMIUM;SEASHELLS;10006;4
230600;;SUBMISSION;ASH_COATED_OSMIUM;SEASHELLS;10007;7
233600;SUBMISSION;;ASH_COATED_OSMIUM;SEASHELLS;9991;7
234200;SUBMISSION;;ASH_COATED_OSMIUM;SEASHELLS;9990;6
235100;;SUBMISSION;ASH_COATED_OSMIUM;SEASHELLS;10004;6
235700;;SUBMISSION;ASH_COATED_OSMIUM;SEASHELLS;9998;10
235800;;SUBMISSION;ASH_COATED_OSMIUM;SEASHELLS;10003;5
238200;SUBMISSION;;ASH_COATED_OSMIUM;SEASHELLS;9987;8
240600;;SUBMISSION;ASH_COATED_OSMIUM;SEASHELLS;9997;10
243700;SUBMISSION;;ASH_COATED_OSMIUM;SEASHELLS;9993;4
246200;SUBMISSION;;ASH_COATED_OSMIUM;SEASHELLS;9987;3
246500;;SUBMISSION;ASH_COATED_OSMIUM;SEASHELLS;9995;8
249400;SUBMISSION;;ASH_COATED_OSMIUM;SEASHELLS;9986;6
251000;SUBMISSION;;ASH_COATED_OSMIUM;SEASHELLS;9986;4
251900;;SUBMISSION;ASH_COATED_OSMIUM;SEASHELLS;10001;3
253600;SUBMISSION;;ASH_COATED_OSMIUM;SEASHELLS;9986;3
255300;SUBMISSION;;ASH_COATED_OSMIUM;SEASHELLS;9992;8
255500;SUBMISSION;;ASH_COATED_OSMIUM;SEASHELLS;9992;10
255700;;SUBMISSION;ASH_COATED_OSMIUM;SEASHELLS;10001;4
256000;;SUBMISSION;ASH_COATED_OSMIUM;SEASHELLS;10002;5
257900;;SUBMISSION;ASH_COATED_OSMIUM;SEASHELLS;10002;7
258200;;SUBMISSION;ASH_COATED_OSMIUM;SEASHELLS;10002;3
258500;SUBMISSION;;ASH_COATED_OSMIUM;SEASHELLS;9989;9
261600;;SUBMISSION;ASH_COATED_OSMIUM;SEASHELLS;10000;10
261700;;SUBMISSION;ASH_COATED_OSMIUM;SEASHELLS;10000;9
262400;;SUBMISSION;ASH_COATED_OSMIUM;SEASHELLS;10006;10
266100;;SUBMISSION;ASH_COATED_OSMIUM;SEASHELLS;10003;9
266300;;SUBMISSION;ASH_COATED_OSMIUM;SEASHELLS;10009;3
267000;;SUBMISSION;ASH_COATED_OSMIUM;SEASHELLS;10008;5
268400;SUBMISSION;;ASH_COATED_OSMIUM;SEASHELLS;9994;7
272000;;SUBMISSION;ASH_COATED_OSMIUM;SEASHELLS;10013;3
273000;SUBMISSION;;ASH_COATED_OSMIUM;SEASHELLS;9997;6
274000;;SUBMISSION;ASH_COATED_OSMIUM;SEASHELLS;10010;3
275200;SUBMISSION;;ASH_COATED_OSMIUM;SEASHELLS;10001;6
276900;;SUBMISSION;ASH_COATED_OSMIUM;SEASHELLS;10009;5
280600;SUBMISSION;;ASH_COATED_OSMIUM;SEASHELLS;9995;6
282000;;SUBMISSION;ASH_COATED_OSMIUM;SEASHELLS;10004;10
282800;SUBMISSION;;ASH_COATED_OSMIUM;SEASHELLS;9993;8
285700;SUBMISSION;;ASH_COATED_OSMIUM;SEASHELLS;9998;10
287000;;SUBMISSION;ASH_COATED_OSMIUM;SEASHELLS;10005;2
289600;;SUBMISSION;ASH_COATED_OSMIUM;SEASHELLS;10003;9
292000;SUBMISSION;;ASH_COATED_OSMIUM;SEASHELLS;9992;7
293700;;SUBMISSION;ASH_COATED_OSMIUM;SEASHELLS;10009;4
295400;;SUBMISSION;ASH_COATED_OSMIUM;SEASHELLS;10007;10
296100;SUBMISSION;;ASH_COATED_OSMIUM;SEASHELLS;9998;8
297100;SUBMISSION;;ASH_COATED_OSMIUM;SEASHELLS;10000;5
297500;;SUBMISSION;ASH_COATED_OSMIUM;SEASHELLS;10004;9
297900;SUBMISSION;;ASH_COATED_OSMIUM;SEASHELLS;10002;6
298500;;SUBMISSION;ASH_COATED_OSMIUM;SEASHELLS;10014;6
299300;;SUBMISSION;ASH_COATED_OSMIUM;SEASHELLS;10005;6
299400;SUBMISSION;;ASH_COATED_OSMIUM;SEASHELLS;10001;8
299900;SUBMISSION;;ASH_COATED_OSMIUM;SEASHELLS;9997;4
301700;SUBMISSION;;ASH_COATED_OSMIUM;SEASHELLS;9999;9
302600;;SUBMISSION;ASH_COATED_OSMIUM;SEASHELLS;10011;2
303200;;SUBMISSION;ASH_COATED_OSMIUM;SEASHELLS;10009;8
305000;SUBMISSION;;ASH_COATED_OSMIUM;SEASHELLS;9999;4
308900;SUBMISSION;;ASH_COATED_OSMIUM;SEASHELLS;9999;10
309000;SUBMISSION;;ASH_COATED_OSMIUM;SEASHELLS;9998;9
309900;;SUBMISSION;ASH_COATED_OSMIUM;SEASHELLS;10001;5
310100;;SUBMISSION;ASH_COATED_OSMIUM;SEASHELLS;10001;9
310900;SUBMISSION;;ASH_COATED_OSMIUM;SEASHELLS;9998;5
311500;SUBMISSION;;ASH_COATED_OSMIUM;SEASHELLS;9994;10
313100;;SUBMISSION;ASH_COATED_OSMIUM;SEASHELLS;10010;5
315300;SUBMISSION;;ASH_COATED_OSMIUM;SEASHELLS;9996;5
318600;SUBMISSION;;ASH_COATED_OSMIUM;SEASHELLS;9994;5
320400;;SUBMISSION;ASH_COATED_OSMIUM;SEASHELLS;10014;7
321800;SUBMISSION;;ASH_COATED_OSMIUM;SEASHELLS;9996;10
322900;SUBMISSION;;ASH_COATED_OSMIUM;SEASHELLS;10001;9
323700;SUBMISSION;;ASH_COATED_OSMIUM;SEASHELLS;9996;6
325600;SUBMISSION;;ASH_COATED_OSMIUM;SEASHELLS;9994;2
330800;;SUBMISSION;ASH_COATED_OSMIUM;SEASHELLS;10004;7
332900;SUBMISSION;;ASH_COATED_OSMIUM;SEASHELLS;9996;5
333500;SUBMISSION;;ASH_COATED_OSMIUM;SEASHELLS;10000;2
337100;;SUBMISSION;ASH_COATED_OSMIUM;SEASHELLS;10011;8
340500;;SUBMISSION;ASH_COATED_OSMIUM;SEASHELLS;10008;4
340900;;SUBMISSION;ASH_COATED_OSMIUM;SEASHELLS;10002;4
342900;SUBMISSION;;ASH_COATED_OSMIUM;SEASHELLS;9996;9
345600;SUBMISSION;;ASH_COATED_OSMIUM;SEASHELLS;10001;4
350000;;SUBMISSION;ASH_COATED_OSMIUM;SEASHELLS;10008;3
351300;;SUBMISSION;ASH_COATED_OSMIUM;SEASHELLS;10003;9
351800;;SUBMISSION;ASH_COATED_OSMIUM;SEASHELLS;10009;5
352200;SUBMISSION;;ASH_COATED_OSMIUM;SEASHELLS;9996;4
353800;;SUBMISSION;ASH_COATED_OSMIUM;SEASHELLS;10003;8
354400;;SUBMISSION;ASH_COATED_OSMIUM;SEASHELLS;10009;3
360900;;SUBMISSION;ASH_COATED_OSMIUM;SEASHELLS;10009;5
365700;SUBMISSION;;ASH_COATED_OSMIUM;SEASHELLS;10001;8
366200;;SUBMISSION;ASH_COATED_OSMIUM;SEASHELLS;10011;5
366200;;SUBMISSION;ASH_COATED_OSMIUM;SEASHELLS;10011;7
368900;SUBMISSION;;ASH_COATED_OSMIUM;SEASHELLS;9999;8
369000;;SUBMISSION;ASH_COATED_OSMIUM;SEASHELLS;10004;9
371900;SUBMISSION;;ASH_COATED_OSMIUM;SEASHELLS;10000;5
373400;SUBMISSION;;ASH_COATED_OSMIUM;SEASHELLS;10001;6
374600;SUBMISSION;;ASH_COATED_OSMIUM;SEASHELLS;10001;7
376000;;SUBMISSION;ASH_COATED_OSMIUM;SEASHELLS;10010;2
379400;SUBMISSION;;ASH_COATED_OSMIUM;SEASHELLS;10001;5
379500;SUBMISSION;;ASH_COATED_OSMIUM;SEASHELLS;9994;9
379800;SUBMISSION;;ASH_COATED_OSMIUM;SEASHELLS;9996;7
383000;;SUBMISSION;ASH_COATED_OSMIUM;SEASHELLS;10002;4
383300;;SUBMISSION;ASH_COATED_OSMIUM;SEASHELLS;10008;8
384100;SUBMISSION;;ASH_COATED_OSMIUM;SEASHELLS;9994;3
384800;SUBMISSION;;ASH_COATED_OSMIUM;SEASHELLS;9994;7
388200;;SUBMISSION;ASH_COATED_OSMIUM;SEASHELLS;10010;10
388500;;SUBMISSION;ASH_COATED_OSMIUM;SEASHELLS;10010;7
389500;SUBMISSION;;ASH_COATED_OSMIUM;SEASHELLS;9993;2
392200;SUBMISSION;;ASH_COATED_OSMIUM;SEASHELLS;9993;4
394100;;SUBMISSION;ASH_COATED_OSMIUM;SEASHELLS;10004;8
396400;SUBMISSION;;ASH_COATED_OSMIUM;SEASHELLS;9999;7
397400;SUBMISSION;;ASH_COATED_OSMIUM;SEASHELLS;10000;6
398600;;SUBMISSION;ASH_COATED_OSMIUM;SEASHELLS;10011;9
398800;SUBMISSION;;ASH_COATED_OSMIUM;SEASHELLS;10001;9
399300;;SUBMISSION;ASH_COATED_OSMIUM;SEASHELLS;10010;5
401200;;SUBMISSION;ASH_COATED_OSMIUM;SEASHELLS;10011;5
401700;SUBMISSION;;ASH_COATED_OSMIUM;SEASHELLS;10001;5
402700;SUBMISSION;;ASH_COATED_OSMIUM;SEASHELLS;10000;8
405700;SUBMISSION;;ASH_COATED_OSMIUM;SEASHELLS;9994;5
407200;;SUBMISSION;ASH_COATED_OSMIUM;SEASHELLS;10010;4
408200;SUBMISSION;;ASH_COATED_OSMIUM;SEASHELLS;9993;4
410100;;SUBMISSION;ASH_COATED_OSMIUM;SEASHELLS;10009;3
410200;;SUBMISSION;ASH_COATED_OSMIUM;SEASHELLS;10012;5
412500;SUBMISSION;;ASH_COATED_OSMIUM;SEASHELLS;9993;7
413900;;SUBMISSION;ASH_COATED_OSMIUM;SEASHELLS;10011;5
414200;SUBMISSION;;ASH_COATED_OSMIUM;SEASHELLS;9999;6
422200;;SUBMISSION;ASH_COATED_OSMIUM;SEASHELLS;10008;6
423200;SUBMISSION;;ASH_COATED_OSMIUM;SEASHELLS;9994;6
424000;;SUBMISSION;ASH_COATED_OSMIUM;SEASHELLS;10006;8
425300;;SUBMISSION;ASH_COATED_OSMIUM;SEASHELLS;10007;4
425600;;SUBMISSION;ASH_COATED_OSMIUM;SEASHELLS;10005;8
426000;;SUBMISSION;ASH_COATED_OSMIUM;SEASHELLS;10006;7
430500;SUBMISSION;;ASH_COATED_OSMIUM;SEASHELLS;9992;4
432600;SUBMISSION;;ASH_COATED_OSMIUM;SEASHELLS;9992;6
435000;;SUBMISSION;ASH_COATED_OSMIUM;SEASHELLS;10007;4
435600;;SUBMISSION;ASH_COATED_OSMIUM;SEASHELLS;9998;10
437200;SUBMISSION;;ASH_COATED_OSMIUM;SEASHELLS;9995;7
438900;;SUBMISSION;ASH_COATED_OSMIUM;SEASHELLS;10010;5
439500;SUBMISSION;;ASH_COATED_OSMIUM;SEASHELLS;9990;6
441100;SUBMISSION;;ASH_COATED_OSMIUM;SEASHELLS;9994;3
441600;;SUBMISSION;ASH_COATED_OSMIUM;SEASHELLS;10002;4
444900;SUBMISSION;;ASH_COATED_OSMIUM;SEASHELLS;9999;10
445800;;SUBMISSION;ASH_COATED_OSMIUM;SEASHELLS;10001;4
447000;SUBMISSION;;ASH_COATED_OSMIUM;SEASHELLS;10000;7
448700;SUBMISSION;;ASH_COATED_OSMIUM;SEASHELLS;10000;8
448900;;SUBMISSION;ASH_COATED_OSMIUM;SEASHELLS;10009;5
454100;SUBMISSION;;ASH_COATED_OSMIUM;SEASHELLS;10000;6
454400;SUBMISSION;;ASH_COATED_OSMIUM;SEASHELLS;10000;2
462200;;SUBMISSION;ASH_COATED_OSMIUM;SEASHELLS;10007;8
466000;;SUBMISSION;ASH_COATED_OSMIUM;SEASHELLS;10006;6
469200;;SUBMISSION;ASH_COATED_OSMIUM;SEASHELLS;10013;3
470800;;SUBMISSION;ASH_COATED_OSMIUM;SEASHELLS;10013;9
471500;SUBMISSION;;ASH_COATED_OSMIUM;SEASHELLS;10004;7
473000;SUBMISSION;;ASH_COATED_OSMIUM;SEASHELLS;10001;9
473600;SUBMISSION;;ASH_COATED_OSMIUM;SEASHELLS;10001;4
475200;SUBMISSION;;ASH_COATED_OSMIUM;SEASHELLS;9996;6
476800;;SUBMISSION;ASH_COATED_OSMIUM;SEASHELLS;10002;7
477400;;SUBMISSION;ASH_COATED_OSMIUM;SEASHELLS;10009;5
477900;;SUBMISSION;ASH_COATED_OSMIUM;SEASHELLS;10007;3
478200;;SUBMISSION;ASH_COATED_OSMIUM;SEASHELLS;10007;3
482200;SUBMISSION;;ASH_COATED_OSMIUM;SEASHELLS;9999;2
484300;SUBMISSION;;ASH_COATED_OSMIUM;SEASHELLS;9989;9
485100;;SUBMISSION;ASH_COATED_OSMIUM;SEASHELLS;10000;4
485200;SUBMISSION;;ASH_COATED_OSMIUM;SEASHELLS;9990;6
486400;;SUBMISSION;ASH_COATED_OSMIUM;SEASHELLS;10008;5
489100;SUBMISSION;;ASH_COATED_OSMIUM;SEASHELLS;9995;6
490700;SUBMISSION;;ASH_COATED_OSMIUM;SEASHELLS;9994;3
490800;;SUBMISSION;ASH_COATED_OSMIUM;SEASHELLS;10003;9
492600;SUBMISSION;;ASH_COATED_OSMIUM;SEASHELLS;10000;10
498800;;SUBMISSION;ASH_COATED_OSMIUM;SEASHELLS;10001;8
499800;SUBMISSION;;ASH_COATED_OSMIUM;SEASHELLS;9998;5
500000;SUBMISSION;;ASH_COATED_OSMIUM;SEASHELLS;9998;3
505400;;SUBMISSION;ASH_COATED_OSMIUM;SEASHELLS;10010;5
506500;;SUBMISSION;ASH_COATED_OSMIUM;SEASHELLS;10011;3
515500;SUBMISSION;;ASH_COATED_OSMIUM;SEASHELLS;9998;6
517700;SUBMISSION;;ASH_COATED_OSMIUM;SEASHELLS;10003;2
520900;;SUBMISSION;ASH_COATED_OSMIUM;SEASHELLS;10015;6
521700;;SUBMISSION;ASH_COATED_OSMIUM;SEASHELLS;10014;5
521900;;SUBMISSION;ASH_COATED_OSMIUM;SEASHELLS;10009;9
522200;SUBMISSION;;ASH_COATED_OSMIUM;SEASHELLS;9999;5
523600;SUBMISSION;;ASH_COATED_OSMIUM;SEASHELLS;9998;9
525500;;SUBMISSION;ASH_COATED_OSMIUM;SEASHELLS;10012;3
526000;;SUBMISSION;ASH_COATED_OSMIUM;SEASHELLS;10012;7
526400;;SUBMISSION;ASH_COATED_OSMIUM;SEASHELLS;10012;5
527700;SUBMISSION;;ASH_COATED_OSMIUM;SEASHELLS;9995;3
529500;;SUBMISSION;ASH_COATED_OSMIUM;SEASHELLS;10007;5
531200;;SUBMISSION;ASH_COATED_OSMIUM;SEASHELLS;10012;2
532700;;SUBMISSION;ASH_COATED_OSMIUM;SEASHELLS;10008;7
533800;;SUBMISSION;ASH_COATED_OSMIUM;SEASHELLS;10014;4
534100;;SUBMISSION;ASH_COATED_OSMIUM;SEASHELLS;10010;7
534300;SUBMISSION;;ASH_COATED_OSMIUM;SEASHELLS;10002;6
535200;SUBMISSION;;ASH_COATED_OSMIUM;SEASHELLS;10009;7
536100;;SUBMISSION;ASH_COATED_OSMIUM;SEASHELLS;10013;8
536800;;SUBMISSION;ASH_COATED_OSMIUM;SEASHELLS;10018;2
537400;;SUBMISSION;ASH_COATED_OSMIUM;SEASHELLS;10019;2
541000;;SUBMISSION;ASH_COATED_OSMIUM;SEASHELLS;10020;6
544100;SUBMISSION;;ASH_COATED_OSMIUM;SEASHELLS;10008;7
545400;;SUBMISSION;ASH_COATED_OSMIUM;SEASHELLS;10022;2
546100;SUBMISSION;;ASH_COATED_OSMIUM;SEASHELLS;10007;5
546400;SUBMISSION;;ASH_COATED_OSMIUM;SEASHELLS;10012;9
548100;;SUBMISSION;ASH_COATED_OSMIUM;SEASHELLS;10025;9
548400;SUBMISSION;;ASH_COATED_OSMIUM;SEASHELLS;10004;4
553700;SUBMISSION;;ASH_COATED_OSMIUM;SEASHELLS;10004;5
557200;;SUBMISSION;ASH_COATED_OSMIUM;SEASHELLS;10018;6
557600;;SUBMISSION;ASH_COATED_OSMIUM;SEASHELLS;10020;6
558300;;SUBMISSION;ASH_COATED_OSMIUM;SEASHELLS;10012;4
560100;;SUBMISSION;ASH_COATED_OSMIUM;SEASHELLS;10018;6
563900;SUBMISSION;;ASH_COATED_OSMIUM;SEASHELLS;10001;3
564300;;SUBMISSION;ASH_COATED_OSMIUM;SEASHELLS;10017;3
566300;;SUBMISSION;ASH_COATED_OSMIUM;SEASHELLS;10017;5
567200;;SUBMISSION;ASH_COATED_OSMIUM;SEASHELLS;10018;5
568500;;SUBMISSION;ASH_COATED_OSMIUM;SEASHELLS;10011;5
570400;SUBMISSION;;ASH_COATED_OSMIUM;SEASHELLS;10007;7
573000;;SUBMISSION;ASH_COATED_OSMIUM;SEASHELLS;10010;9
573800;;SUBMISSION;ASH_COATED_OSMIUM;SEASHELLS;10018;6
574600;SUBMISSION;;ASH_COATED_OSMIUM;SEASHELLS;10002;9
575200;;SUBMISSION;ASH_COATED_OSMIUM;SEASHELLS;10016;2
576900;SUBMISSION;;ASH_COATED_OSMIUM;SEASHELLS;10001;10
579000;SUBMISSION;;ASH_COATED_OSMIUM;SEASHELLS;10001;9
579400;;SUBMISSION;ASH_COATED_OSMIUM;SEASHELLS;10015;5
579600;;SUBMISSION;ASH_COATED_OSMIUM;SEASHELLS;10010;9
580300;;SUBMISSION;ASH_COATED_OSMIUM;SEASHELLS;10016;3
581300;SUBMISSION;;ASH_COATED_OSMIUM;SEASHELLS;10001;4
583100;SUBMISSION;;ASH_COATED_OSMIUM;SEASHELLS;9999;4
586600;;SUBMISSION;ASH_COATED_OSMIUM;SEASHELLS;10014;6
587200;SUBMISSION;;ASH_COATED_OSMIUM;SEASHELLS;9998;5
587800;SUBMISSION;;ASH_COATED_OSMIUM;SEASHELLS;10003;6
588700;SUBMISSION;;ASH_COATED_OSMIUM;SEASHELLS;10002;10
589200;SUBMISSION;;ASH_COATED_OSMIUM;SEASHELLS;9995;2
591500;;SUBMISSION;ASH_COATED_OSMIUM;SEASHELLS;10012;10
592900;SUBMISSION;;ASH_COATED_OSMIUM;SEASHELLS;10003;5
594700;SUBMISSION;;ASH_COATED_OSMIUM;SEASHELLS;10003;7
596200;;SUBMISSION;ASH_COATED_OSMIUM;SEASHELLS;10013;7
599600;;SUBMISSION;ASH_COATED_OSMIUM;SEASHELLS;10003;4
601100;SUBMISSION;;ASH_COATED_OSMIUM;SEASHELLS;10000;4
603100;;SUBMISSION;ASH_COATED_OSMIUM;SEASHELLS;10014;9
604700;;SUBMISSION;ASH_COATED_OSMIUM;SEASHELLS;10012;6
605300;;SUBMISSION;ASH_COATED_OSMIUM;SEASHELLS;10006;7
607300;SUBMISSION;;ASH_COATED_OSMIUM;SEASHELLS;9997;3
608300;;SUBMISSION;ASH_COATED_OSMIUM;SEASHELLS;10010;8
609600;;SUBMISSION;ASH_COATED_OSMIUM;SEASHELLS;10008;6
611000;;SUBMISSION;ASH_COATED_OSMIUM;SEASHELLS;10003;6
611400;SUBMISSION;;ASH_COATED_OSMIUM;SEASHELLS;9998;8
615100;SUBMISSION;;ASH_COATED_OSMIUM;SEASHELLS;9994;3
616100;;SUBMISSION;ASH_COATED_OSMIUM;SEASHELLS;10006;2
618800;;SUBMISSION;ASH_COATED_OSMIUM;SEASHELLS;10008;10
619900;SUBMISSION;;ASH_COATED_OSMIUM;SEASHELLS;9995;5
623600;SUBMISSION;;ASH_COATED_OSMIUM;SEASHELLS;10001;4
623900;;SUBMISSION;ASH_COATED_OSMIUM;SEASHELLS;10013;3
624100;SUBMISSION;;ASH_COATED_OSMIUM;SEASHELLS;9996;4
626000;SUBMISSION;;ASH_COATED_OSMIUM;SEASHELLS;9994;2
626400;;SUBMISSION;ASH_COATED_OSMIUM;SEASHELLS;10002;8
626700;;SUBMISSION;ASH_COATED_OSMIUM;SEASHELLS;10007;4
629000;;SUBMISSION;ASH_COATED_OSMIUM;SEASHELLS;10002;7
630100;;SUBMISSION;ASH_COATED_OSMIUM;SEASHELLS;10008;2
630400;SUBMISSION;;ASH_COATED_OSMIUM;SEASHELLS;9998;10
631200;;SUBMISSION;ASH_COATED_OSMIUM;SEASHELLS;10009;9
632400;SUBMISSION;;ASH_COATED_OSMIUM;SEASHELLS;9995;5
633000;;SUBMISSION;ASH_COATED_OSMIUM;SEASHELLS;10004;6
633300;;SUBMISSION;ASH_COATED_OSMIUM;SEASHELLS;10003;6
633900;;SUBMISSION;ASH_COATED_OSMIUM;SEASHELLS;10004;9
634300;;SUBMISSION;ASH_COATED_OSMIUM;SEASHELLS;10010;6
635100;;SUBMISSION;ASH_COATED_OSMIUM;SEASHELLS;10009;6
635800;SUBMISSION;;ASH_COATED_OSMIUM;SEASHELLS;10000;6
636500;;SUBMISSION;ASH_COATED_OSMIUM;SEASHELLS;10004;7
638000;;SUBMISSION;ASH_COATED_OSMIUM;SEASHELLS;10012;4
639500;SUBMISSION;;ASH_COATED_OSMIUM;SEASHELLS;9996;7
639600;SUBMISSION;;ASH_COATED_OSMIUM;SEASHELLS;10001;8
639600;SUBMISSION;;ASH_COATED_OSMIUM;SEASHELLS;9997;4
641900;;SUBMISSION;ASH_COATED_OSMIUM;SEASHELLS;10006;6
648300;SUBMISSION;;ASH_COATED_OSMIUM;SEASHELLS;10000;8
649200;SUBMISSION;;ASH_COATED_OSMIUM;SEASHELLS;10000;3
649900;SUBMISSION;;ASH_COATED_OSMIUM;SEASHELLS;9992;4
654200;SUBMISSION;;ASH_COATED_OSMIUM;SEASHELLS;9991;5
654400;SUBMISSION;;ASH_COATED_OSMIUM;SEASHELLS;9992;3
655000;;SUBMISSION;ASH_COATED_OSMIUM;SEASHELLS;10001;6
655300;SUBMISSION;;ASH_COATED_OSMIUM;SEASHELLS;9997;4
656900;SUBMISSION;;ASH_COATED_OSMIUM;SEASHELLS;9996;5
657900;;SUBMISSION;ASH_COATED_OSMIUM;SEASHELLS;10006;10
658900;;SUBMISSION;ASH_COATED_OSMIUM;SEASHELLS;9999;8
660600;SUBMISSION;;ASH_COATED_OSMIUM;SEASHELLS;9985;6
660800;;SUBMISSION;ASH_COATED_OSMIUM;SEASHELLS;9996;6
665200;;SUBMISSION;ASH_COATED_OSMIUM;SEASHELLS;9998;5
665700;;SUBMISSION;ASH_COATED_OSMIUM;SEASHELLS;9999;8
666900;SUBMISSION;;ASH_COATED_OSMIUM;SEASHELLS;9987;6
667500;SUBMISSION;;ASH_COATED_OSMIUM;SEASHELLS;9985;4
668100;;SUBMISSION;ASH_COATED_OSMIUM;SEASHELLS;9999;3
670500;;SUBMISSION;ASH_COATED_OSMIUM;SEASHELLS;10002;2
670800;SUBMISSION;;ASH_COATED_OSMIUM;SEASHELLS;9988;9
672400;;SUBMISSION;ASH_COATED_OSMIUM;SEASHELLS;9998;10
674800;;SUBMISSION;ASH_COATED_OSMIUM;SEASHELLS;10004;7
676700;SUBMISSION;;ASH_COATED_OSMIUM;SEASHELLS;9985;5
680300;SUBMISSION;;ASH_COATED_OSMIUM;SEASHELLS;9988;6
681500;SUBMISSION;;ASH_COATED_OSMIUM;SEASHELLS;9984;3
682900;;SUBMISSION;ASH_COATED_OSMIUM;SEASHELLS;10002;7
683400;;SUBMISSION;ASH_COATED_OSMIUM;SEASHELLS;9996;7
683500;SUBMISSION;;ASH_COATED_OSMIUM;SEASHELLS;9992;7
684100;SUBMISSION;;ASH_COATED_OSMIUM;SEASHELLS;9988;8
684700;SUBMISSION;;ASH_COATED_OSMIUM;SEASHELLS;9986;3
685000;SUBMISSION;;ASH_COATED_OSMIUM;SEASHELLS;9990;7
685300;SUBMISSION;;ASH_COATED_OSMIUM;SEASHELLS;9990;5
687900;SUBMISSION;;ASH_COATED_OSMIUM;SEASHELLS;9992;10
690800;SUBMISSION;;ASH_COATED_OSMIUM;SEASHELLS;9984;5
693100;;SUBMISSION;ASH_COATED_OSMIUM;SEASHELLS;10000;4
694700;;SUBMISSION;ASH_COATED_OSMIUM;SEASHELLS;10000;8
695100;SUBMISSION;;ASH_COATED_OSMIUM;SEASHELLS;9990;9
696600;;SUBMISSION;ASH_COATED_OSMIUM;SEASHELLS;10000;3
698500;SUBMISSION;;ASH_COATED_OSMIUM;SEASHELLS;9989;5
699600;;SUBMISSION;ASH_COATED_OSMIUM;SEASHELLS;9996;9
700900;;SUBMISSION;ASH_COATED_OSMIUM;SEASHELLS;9991;7
702100;SUBMISSION;;ASH_COATED_OSMIUM;SEASHELLS;9987;5
702400;;SUBMISSION;ASH_COATED_OSMIUM;SEASHELLS;9992;6
706700;SUBMISSION;;ASH_COATED_OSMIUM;SEASHELLS;9988;7
708000;;SUBMISSION;ASH_COATED_OSMIUM;SEASHELLS;9992;9
708200;;SUBMISSION;ASH_COATED_OSMIUM;SEASHELLS;9997;5
709600;;SUBMISSION;ASH_COATED_OSMIUM;SEASHELLS;9998;2
709800;;SUBMISSION;ASH_COATED_OSMIUM;SEASHELLS;9996;5
710100;;SUBMISSION;ASH_COATED_OSMIUM;SEASHELLS;9996;7
714200;SUBMISSION;;ASH_COATED_OSMIUM;SEASHELLS;9986;7
714600;;SUBMISSION;ASH_COATED_OSMIUM;SEASHELLS;9990;8
717000;;SUBMISSION;ASH_COATED_OSMIUM;SEASHELLS;9988;9
719400;SUBMISSION;;ASH_COATED_OSMIUM;SEASHELLS;9985;6
721400;;SUBMISSION;ASH_COATED_OSMIUM;SEASHELLS;9996;4
721800;SUBMISSION;;ASH_COATED_OSMIUM;SEASHELLS;9984;8
724600;;SUBMISSION;ASH_COATED_OSMIUM;SEASHELLS;9994;2
725800;;SUBMISSION;ASH_COATED_OSMIUM;SEASHELLS;9990;5
728100;;SUBMISSION;ASH_COATED_OSMIUM;SEASHELLS;9998;10
728400;;SUBMISSION;ASH_COATED_OSMIUM;SEASHELLS;9999;9
729300;;SUBMISSION;ASH_COATED_OSMIUM;SEASHELLS;9999;8
729900;;SUBMISSION;ASH_COATED_OSMIUM;SEASHELLS;9993;7
730000;;SUBMISSION;ASH_COATED_OSMIUM;SEASHELLS;9998;2
731100;SUBMISSION;;ASH_COATED_OSMIUM;SEASHELLS;9984;5
731200;SUBMISSION;;ASH_COATED_OSMIUM;SEASHELLS;9984;7
732000;SUBMISSION;;ASH_COATED_OSMIUM;SEASHELLS;9983;6
736500;;SUBMISSION;ASH_COATED_OSMIUM;SEASHELLS;9993;5
736600;SUBMISSION;;ASH_COATED_OSMIUM;SEASHELLS;9989;10
739900;SUBMISSION;;ASH_COATED_OSMIUM;SEASHELLS;9982;4
742100;SUBMISSION;;ASH_COATED_OSMIUM;SEASHELLS;9990;8
742700;;SUBMISSION;ASH_COATED_OSMIUM;SEASHELLS;9995;5
743700;SUBMISSION;;ASH_COATED_OSMIUM;SEASHELLS;9985;2
743700;;SUBMISSION;ASH_COATED_OSMIUM;SEASHELLS;10002;8
744800;;SUBMISSION;ASH_COATED_OSMIUM;SEASHELLS;9995;5
744900;SUBMISSION;;ASH_COATED_OSMIUM;SEASHELLS;9991;4
745000;;SUBMISSION;ASH_COATED_OSMIUM;SEASHELLS;10000;6
746000;;SUBMISSION;ASH_COATED_OSMIUM;SEASHELLS;9995;9
751900;SUBMISSION;;ASH_COATED_OSMIUM;SEASHELLS;9995;9
753500;SUBMISSION;;ASH_COATED_OSMIUM;SEASHELLS;9989;7
755400;SUBMISSION;;ASH_COATED_OSMIUM;SEASHELLS;9990;3
755800;SUBMISSION;;ASH_COATED_OSMIUM;SEASHELLS;9990;2
756200;SUBMISSION;;ASH_COATED_OSMIUM;SEASHELLS;9990;9
757100;;SUBMISSION;ASH_COATED_OSMIUM;SEASHELLS;10005;6
758300;SUBMISSION;;ASH_COATED_OSMIUM;SEASHELLS;9996;7
759600;;SUBMISSION;ASH_COATED_OSMIUM;SEASHELLS;10005;3
762600;SUBMISSION;;ASH_COATED_OSMIUM;SEASHELLS;9991;7
765700;SUBMISSION;;ASH_COATED_OSMIUM;SEASHELLS;9990;6
767500;SUBMISSION;;ASH_COATED_OSMIUM;SEASHELLS;9995;4
767600;;SUBMISSION;ASH_COATED_OSMIUM;SEASHELLS;10005;10
769400;SUBMISSION;;ASH_COATED_OSMIUM;SEASHELLS;9992;6
769500;SUBMISSION;;ASH_COATED_OSMIUM;SEASHELLS;9991;7
770200;SUBMISSION;;ASH_COATED_OSMIUM;SEASHELLS;9989;5
773600;SUBMISSION;;ASH_COATED_OSMIUM;SEASHELLS;9993;5
773700;;SUBMISSION;ASH_COATED_OSMIUM;SEASHELLS;10001;4
773900;SUBMISSION;;ASH_COATED_OSMIUM;SEASHELLS;9998;8
779300;SUBMISSION;;ASH_COATED_OSMIUM;SEASHELLS;9989;4
779500;;SUBMISSION;ASH_COATED_OSMIUM;SEASHELLS;9998;4
780200;SUBMISSION;;ASH_COATED_OSMIUM;SEASHELLS;9988;4
780800;;SUBMISSION;ASH_COATED_OSMIUM;SEASHELLS;10005;6
781000;SUBMISSION;;ASH_COATED_OSMIUM;SEASHELLS;9996;5
781500;;SUBMISSION;ASH_COATED_OSMIUM;SEASHELLS;10007;3
782400;SUBMISSION;;ASH_COATED_OSMIUM;SEASHELLS;9988;4
782700;;SUBMISSION;ASH_COATED_OSMIUM;SEASHELLS;10003;6
783300;;SUBMISSION;ASH_COATED_OSMIUM;SEASHELLS;9998;4
783400;;SUBMISSION;ASH_COATED_OSMIUM;SEASHELLS;10004;2
784600;;SUBMISSION;ASH_COATED_OSMIUM;SEASHELLS;10005;4
785000;;SUBMISSION;ASH_COATED_OSMIUM;SEASHELLS;9999;6
785800;SUBMISSION;;ASH_COATED_OSMIUM;SEASHELLS;9994;10
787100;;SUBMISSION;ASH_COATED_OSMIUM;SEASHELLS;10007;4
788800;SUBMISSION;;ASH_COATED_OSMIUM;SEASHELLS;9990;6
793200;;SUBMISSION;ASH_COATED_OSMIUM;SEASHELLS;10004;4
794800;SUBMISSION;;ASH_COATED_OSMIUM;SEASHELLS;9991;5
797200;;SUBMISSION;ASH_COATED_OSMIUM;SEASHELLS;10003;10
797300;;SUBMISSION;ASH_COATED_OSMIUM;SEASHELLS;10003;6
798000;;SUBMISSION;ASH_COATED_OSMIUM;SEASHELLS;10005;3
800400;;SUBMISSION;ASH_COATED_OSMIUM;SEASHELLS;9997;9
802800;;SUBMISSION;ASH_COATED_OSMIUM;SEASHELLS;10005;5
803300;;SUBMISSION;ASH_COATED_OSMIUM;SEASHELLS;10005;10
804000;SUBMISSION;;ASH_COATED_OSMIUM;SEASHELLS;9988;3
804400;;SUBMISSION;ASH_COATED_OSMIUM;SEASHELLS;10008;4
805400;;SUBMISSION;ASH_COATED_OSMIUM;SEASHELLS;10005;2
808300;;SUBMISSION;ASH_COATED_OSMIUM;SEASHELLS;10009;5
808600;SUBMISSION;;ASH_COATED_OSMIUM;SEASHELLS;9994;2
809300;;SUBMISSION;ASH_COATED_OSMIUM;SEASHELLS;10010;5
812300;SUBMISSION;;ASH_COATED_OSMIUM;SEASHELLS;9992;2
812600;;SUBMISSION;ASH_COATED_OSMIUM;SEASHELLS;10009;2
812800;;SUBMISSION;ASH_COATED_OSMIUM;SEASHELLS;10003;4
814300;SUBMISSION;;ASH_COATED_OSMIUM;SEASHELLS;9995;5
814900;;SUBMISSION;ASH_COATED_OSMIUM;SEASHELLS;10004;6
815000;SUBMISSION;;ASH_COATED_OSMIUM;SEASHELLS;9995;4
821100;SUBMISSION;;ASH_COATED_OSMIUM;SEASHELLS;9996;9
821800;;SUBMISSION;ASH_COATED_OSMIUM;SEASHELLS;10004;6
823500;SUBMISSION;;ASH_COATED_OSMIUM;SEASHELLS;9999;6
827600;SUBMISSION;;ASH_COATED_OSMIUM;SEASHELLS;10001;5
828100;SUBMISSION;;ASH_COATED_OSMIUM;SEASHELLS;10002;9
830800;SUBMISSION;;ASH_COATED_OSMIUM;SEASHELLS;9996;9
831100;;SUBMISSION;ASH_COATED_OSMIUM;SEASHELLS;10011;4
831600;SUBMISSION;;ASH_COATED_OSMIUM;SEASHELLS;10001;9
835800;SUBMISSION;;ASH_COATED_OSMIUM;SEASHELLS;10005;5
836500;SUBMISSION;;ASH_COATED_OSMIUM;SEASHELLS;10005;8
842100;;SUBMISSION;ASH_COATED_OSMIUM;SEASHELLS;10011;5
843800;;SUBMISSION;ASH_COATED_OSMIUM;SEASHELLS;10012;4
844400;SUBMISSION;;ASH_COATED_OSMIUM;SEASHELLS;10003;10
847400;SUBMISSION;;ASH_COATED_OSMIUM;SEASHELLS;10003;9
848900;SUBMISSION;;ASH_COATED_OSMIUM;SEASHELLS;10003;6
850400;;SUBMISSION;ASH_COATED_OSMIUM;SEASHELLS;10008;9
852600;SUBMISSION;;ASH_COATED_OSMIUM;SEASHELLS;10003;10
852800;;SUBMISSION;ASH_COATED_OSMIUM;SEASHELLS;10007;6
853100;SUBMISSION;;ASH_COATED_OSMIUM;SEASHELLS;9997;5
853200;;SUBMISSION;ASH_COATED_OSMIUM;SEASHELLS;10006;10
854000;;SUBMISSION;ASH_COATED_OSMIUM;SEASHELLS;10013;6
856500;SUBMISSION;;ASH_COATED_OSMIUM;SEASHELLS;9993;5
860600;SUBMISSION;;ASH_COATED_OSMIUM;SEASHELLS;9993;2
861400;SUBMISSION;;ASH_COATED_OSMIUM;SEASHELLS;9994;4
861600;;SUBMISSION;ASH_COATED_OSMIUM;SEASHELLS;10008;2
864000;;SUBMISSION;ASH_COATED_OSMIUM;SEASHELLS;10006;3
864600;SUBMISSION;;ASH_COATED_OSMIUM;SEASHELLS;9991;3
866200;;SUBMISSION;ASH_COATED_OSMIUM;SEASHELLS;10002;9
867500;;SUBMISSION;ASH_COATED_OSMIUM;SEASHELLS;10000;10
868400;;SUBMISSION;ASH_COATED_OSMIUM;SEASHELLS;10001;10
870800;SUBMISSION;;ASH_COATED_OSMIUM;SEASHELLS;9996;8
871500;SUBMISSION;;ASH_COATED_OSMIUM;SEASHELLS;9996;6
871900;;SUBMISSION;ASH_COATED_OSMIUM;SEASHELLS;10008;5
872600;SUBMISSION;;ASH_COATED_OSMIUM;SEASHELLS;9992;3
873500;;SUBMISSION;ASH_COATED_OSMIUM;SEASHELLS;10002;8
875600;;SUBMISSION;ASH_COATED_OSMIUM;SEASHELLS;10000;10
875700;SUBMISSION;;ASH_COATED_OSMIUM;SEASHELLS;9989;10
877700;SUBMISSION;;ASH_COATED_OSMIUM;SEASHELLS;9996;9
878200;;SUBMISSION;ASH_COATED_OSMIUM;SEASHELLS;10001;5
879400;SUBMISSION;;ASH_COATED_OSMIUM;SEASHELLS;9997;4
880100;SUBMISSION;;ASH_COATED_OSMIUM;SEASHELLS;9993;3
881300;SUBMISSION;;ASH_COATED_OSMIUM;SEASHELLS;9992;4
882400;;SUBMISSION;ASH_COATED_OSMIUM;SEASHELLS;10006;5
883800;;SUBMISSION;ASH_COATED_OSMIUM;SEASHELLS;10005;5
884800;SUBMISSION;;ASH_COATED_OSMIUM;SEASHELLS;9995;5
885400;SUBMISSION;;ASH_COATED_OSMIUM;SEASHELLS;9989;2
885600;;SUBMISSION;ASH_COATED_OSMIUM;SEASHELLS;10005;4
890500;SUBMISSION;;ASH_COATED_OSMIUM;SEASHELLS;9989;5
891400;;SUBMISSION;ASH_COATED_OSMIUM;SEASHELLS;9999;10
891900;;SUBMISSION;ASH_COATED_OSMIUM;SEASHELLS;10007;6
892800;SUBMISSION;;ASH_COATED_OSMIUM;SEASHELLS;9990;6
893400;SUBMISSION;;ASH_COATED_OSMIUM;SEASHELLS;9996;10
897000;SUBMISSION;;ASH_COATED_OSMIUM;SEASHELLS;9997;4
898600;SUBMISSION;;ASH_COATED_OSMIUM;SEASHELLS;9997;5
900200;;SUBMISSION;ASH_COATED_OSMIUM;SEASHELLS;10001;4
903100;;SUBMISSION;ASH_COATED_OSMIUM;SEASHELLS;10010;10
903200;SUBMISSION;;ASH_COATED_OSMIUM;SEASHELLS;10000;8
904600;;SUBMISSION;ASH_COATED_OSMIUM;SEASHELLS;10005;4
907400;;SUBMISSION;ASH_COATED_OSMIUM;SEASHELLS;10008;7
908000;SUBMISSION;;ASH_COATED_OSMIUM;SEASHELLS;10006;4
908400;;SUBMISSION;ASH_COATED_OSMIUM;SEASHELLS;10009;6
908600;SUBMISSION;;ASH_COATED_OSMIUM;SEASHELLS;10007;4
913400;;SUBMISSION;ASH_COATED_OSMIUM;SEASHELLS;10013;8
914200;SUBMISSION;;ASH_COATED_OSMIUM;SEASHELLS;10009;7
914700;SUBMISSION;;ASH_COATED_OSMIUM;SEASHELLS;10008;10
915500;SUBMISSION;;ASH_COATED_OSMIUM;SEASHELLS;10009;6
917200;;SUBMISSION;ASH_COATED_OSMIUM;SEASHELLS;10012;9
917400;SUBMISSION;;ASH_COATED_OSMIUM;SEASHELLS;10008;5
920200;SUBMISSION;;ASH_COATED_OSMIUM;SEASHELLS;10004;4
922300;SUBMISSION;;ASH_COATED_OSMIUM;SEASHELLS;10002;6
923500;;SUBMISSION;ASH_COATED_OSMIUM;SEASHELLS;10016;8
924900;SUBMISSION;;ASH_COATED_OSMIUM;SEASHELLS;10001;2
924900;;SUBMISSION;ASH_COATED_OSMIUM;SEASHELLS;10015;5
927400;SUBMISSION;;ASH_COATED_OSMIUM;SEASHELLS;9997;9
928900;;SUBMISSION;ASH_COATED_OSMIUM;SEASHELLS;10014;2
929200;SUBMISSION;;ASH_COATED_OSMIUM;SEASHELLS;10004;1
930200;SUBMISSION;;ASH_COATED_OSMIUM;SEASHELLS;9998;3
932400;SUBMISSION;;ASH_COATED_OSMIUM;SEASHELLS;10004;6
933000;;SUBMISSION;ASH_COATED_OSMIUM;SEASHELLS;10016;9
933100;;SUBMISSION;ASH_COATED_OSMIUM;SEASHELLS;10009;7
934300;;SUBMISSION;ASH_COATED_OSMIUM;SEASHELLS;10014;2
935900;SUBMISSION;;ASH_COATED_OSMIUM;SEASHELLS;10005;7
936300;SUBMISSION;;ASH_COATED_OSMIUM;SEASHELLS;10007;4
941300;;SUBMISSION;ASH_COATED_OSMIUM;SEASHELLS;10007;4
941400;;SUBMISSION;ASH_COATED_OSMIUM;SEASHELLS;10013;6
942800;;SUBMISSION;ASH_COATED_OSMIUM;SEASHELLS;10012;6
944000;SUBMISSION;;ASH_COATED_OSMIUM;SEASHELLS;10004;8
944500;;SUBMISSION;ASH_COATED_OSMIUM;SEASHELLS;10014;10
946700;SUBMISSION;;ASH_COATED_OSMIUM;SEASHELLS;10004;6
948300;SUBMISSION;;ASH_COATED_OSMIUM;SEASHELLS;10004;8
950000;;SUBMISSION;ASH_COATED_OSMIUM;SEASHELLS;10018;4
950200;SUBMISSION;;ASH_COATED_OSMIUM;SEASHELLS;10006;7
957300;SUBMISSION;;ASH_COATED_OSMIUM;SEASHELLS;10009;6
959800;;SUBMISSION;ASH_COATED_OSMIUM;SEASHELLS;10014;4
964600;;SUBMISSION;ASH_COATED_OSMIUM;SEASHELLS;10013;9
964900;SUBMISSION;;ASH_COATED_OSMIUM;SEASHELLS;10005;2
965300;SUBMISSION;;ASH_COATED_OSMIUM;SEASHELLS;10009;6
966200;SUBMISSION;;ASH_COATED_OSMIUM;SEASHELLS;10004;5
971500;SUBMISSION;;ASH_COATED_OSMIUM;SEASHELLS;10008;7
972600;SUBMISSION;;ASH_COATED_OSMIUM;SEASHELLS;10003;3
974300;;SUBMISSION;ASH_COATED_OSMIUM;SEASHELLS;10017;4
976900;;SUBMISSION;ASH_COATED_OSMIUM;SEASHELLS;10009;8
979300;;SUBMISSION;ASH_COATED_OSMIUM;SEASHELLS;10010;4
980200;SUBMISSION;;ASH_COATED_OSMIUM;SEASHELLS;10001;4
980300;;SUBMISSION;ASH_COATED_OSMIUM;SEASHELLS;10010;4
981600;SUBMISSION;;ASH_COATED_OSMIUM;SEASHELLS;10004;4
983100;SUBMISSION;;ASH_COATED_OSMIUM;SEASHELLS;10006;4
985400;;SUBMISSION;ASH_COATED_OSMIUM;SEASHELLS;10009;9
987400;;SUBMISSION;ASH_COATED_OSMIUM;SEASHELLS;10015;9
988500;SUBMISSION;;ASH_COATED_OSMIUM;SEASHELLS;10004;6
991600;;SUBMISSION;ASH_COATED_OSMIUM;SEASHELLS;10017;5
992100;SUBMISSION;;ASH_COATED_OSMIUM;SEASHELLS;10007;8
992700;;SUBMISSION;ASH_COATED_OSMIUM;SEASHELLS;10010;9
992800;SUBMISSION;;ASH_COATED_OSMIUM;SEASHELLS;10006;10
993100;;SUBMISSION;ASH_COATED_OSMIUM;SEASHELLS;10010;5
993100;;SUBMISSION;ASH_COATED_OSMIUM;SEASHELLS;10016;3
993400;SUBMISSION;;ASH_COATED_OSMIUM;SEASHELLS;10001;3
996100;SUBMISSION;;ASH_COATED_OSMIUM;SEASHELLS;10005;4
997000;;SUBMISSION;ASH_COATED_OSMIUM;SEASHELLS;10009;9
998000;SUBMISSION;;ASH_COATED_OSMIUM;SEASHELLS;10001;6
998400;SUBMISSION;;ASH_COATED_OSMIUM;SEASHELLS;10000;5
